key_0,PATRIMONIO,RESULTEX,ACTIVO_T,PASIVO_T,PATRIMONIO_T,Activo Biológico,Capital Social,Cuentas por Cobrar Comerciales,Cuentas por Cobrar a Relacionadas,Cuentas por Pagar Comerciales,Cuentas por Pagar a Relacionadas,Efectivo y Equivalente de Efectivo,Existencias,Gastos Pagados por Anticipado y Otros Activos,Impuestos por Recuperar,"Inmueble, Maquinaria y Equipo, Neto",Instrumento Financiero Derivados,Instrumentos Financieros Derivados,Inversiónes Mobiliarias,Obligaciones Financieras,Otras Cuenta por Cobrar Largo Plazo,Otras Cuentas por Pagar,Otras Cuentas por Pagar Largo Plazo,Parte Corriente de Activo Biológico,Pasivo por Impuesto a la Renta Diferido,Porcion Corriente de Obligaciones Financieras,Reserva Legal,Resultados Acumulados,Sobregiros Bancarios,ACTIVO_CORR,ACTIVO_NCORR,PASIVO_CORR,PASIVO_NCORR,CxC,INVENTARIOS,CxP,CAPEX,ACT_FIJ,CASH,DEUDA_TOT,Cambios en el Valor Razonable de Activos Biológicos,Costo de Venta - NIC 41,Costo de Ventas,Depr. De Gastos de Administración,Depr. De Gastos de Venta,"Diferencia de Cambio, Neta",Gastos Financieros,Gastos de Administración,Gastos de Venta,Impuesto a la Renta Corriente,Impuesto a la Renta Diferido,Ingresos Financieros,"Instrumentos Financieros, Netos",Otros Gastos,Otros Gastos - NIC 41,Otros Ingresos,Restitución de Derechos Arancelarios,Ventas,uti_bruta,EBIT,EBITDA,EBT,uti_neta,costo_venta,EBDA,ratio_liquidez,ratio_rapido,ratio_cash,deuda_activos,deuda_patrimonio,apalancamiento,cobertura_int,DEUDA_ESTR,CAP_EMPL,mg_ebitda,carga_impositiva,carga_intereses,mg_bruto,mg_neto,mg_operativo,ROA,ROE,ROCE,rotacion_trabajo,rotacion_fijos,rotacion_activos,rotacion_cxc,rotacion_inventarios,rotacion_cxp,dias_inventario,dias_cxc,dias_cxp,ciclo_operativo,ciclo_caja,anos_d_estr,Generacion_T_CAJA,DEUDA_ESTRUCTURAL,deuda_ebitda,ventas12M,utinet12M,EBITDA12M
2018-01-01 00:00:00,236102191.8,25714597.26,459466149.4,197649360.4,261816789.1,92415736.3,69449428.39,89756769.54,781599.38,24989264.65,112561.05,18329754.25,9386873.2,6000321.83,0,132717328.5,1437490.68,0,87952153.44,110972624.7,309479.4,-6226897.06,4400979.86,21816133.62,11625472.94,50018897.98,32752998.29,133899765.1,318965.61,146071451.8,313394697.6,70650282.91,126999077.5,90538368.92,31203006.82,18874928.64,75421168.91,313085218.2,18329754.25,161310488.3,0,-418863.55,-22798033.79,-43290.21,-2121.57,1301804.9,-21212.77,-1068302.07,-3532570.79,0,0,567.07,127943.02,-116268.78,-251380.31,255457.52,1541530.34,50739338.25,29063971.25,24305495.04,24350906.82,25714597.26,25714597.26,-23216897.34,25760009.04,2.067528194,1.625873815,0.259443466,0.351082421,0.616119726,1.754914767,,51577908.56,388815866.5,,,,,,,,,,,,,,,,,,,,,,,,,,,
2018-02-01 00:00:00,236102191.8,21832408.14,435731936.9,177797336.9,257934599.9,92345507.02,69449428.39,60948934.32,1164351.35,17481503.41,113699.51,15721074.71,8592858.24,9877818.93,0,132476983.2,1551570.25,0,89718817.53,112110982.3,309829.49,-6976572.07,7391735.24,24575762.11,11625472.94,34264774.54,32752998.29,133899765.1,234170.78,120880799.7,314851137.2,46669146.42,131128190.5,62113285.67,33168620.35,10618630.85,74211653.24,314541307.7,15721074.71,146609927.7,0,-837727.1,-24776385.88,-85857.3,-4243.14,487235.64,-90081.7,-2154203.65,-4323182.44,0,0,1335.39,28609.24,-116373.57,-251380.31,604390.67,1572929.48,51777342.81,27736159.31,21405309.57,21495410.01,21832408.14,21832408.14,-25614112.98,21922508.58,2.590165215,1.87944683,0.336862272,0.336468171,0.568399616,1.689311698,,56916537.27,389062790.5,,,,,,,,,,,,,,,,,,,,,,,,,,,
2018-03-01 00:00:00,236102191.8,4006410.6,397918660.7,157810058.3,240108602.4,92386583.78,69449428.39,24208442.71,1144595.38,12696379.94,116652.94,10494015.79,8791600.86,10297013.2,0,132311864.5,1454761.73,0,89718817.53,111386572.9,307722.67,-7233474.86,7551469.91,28258004.28,11625472.94,20041817.51,34978930.77,131673832.6,170405.27,83193672.22,314724988.5,27246542.53,130563515.8,25353038.09,37049605.14,5579558.02,55947129.69,314417265.8,10494015.79,131598795.7,0,-1256590.65,-25193644.01,-128467.91,-6377.37,1241191.68,-1697639.1,-3545179.12,-4618245.19,0,0,1415.63,115392.23,-116879.35,-251380.31,743884.46,-1171984.52,39890914.13,12268694.95,4346050.16,4480895.44,4006410.6,4006410.6,-26450234.66,4141255.88,3.053366207,1.69357514,0.385150365,0.330717829,0.548080304,1.6572445,,74616386.06,370672118.2,,,,,,,,,,,,,,,,,,,,,,,,,,,
2018-04-01 00:00:00,236102191.8,2104242.02,380879279.5,142672845.7,238206433.8,92290341.8,69449428.39,7076400.68,1168647.27,6986041.43,117081.92,6897853.65,10032283.42,10187523.72,0,132063142.1,1496542.02,0,89718817.53,111800521.2,307242.47,-7741783.87,7540818.67,31137026.79,11625472.94,10623644.89,34978930.77,131673832.6,224506.5,66499735.53,314379543.9,11706032.89,130966812.8,8245047.95,41169310.21,-638660.52,54793702.64,314072301.5,6897853.65,122648672.5,0,-1675454.2,-25586646.98,-171380.14,-8531.65,766571.72,-1842902.26,-4430015.23,-4773378.85,0,0,19259.63,79018.3,-117247.32,-251380.31,803217.72,-1171984.52,40465096.11,12031010.41,3082294.63,3262206.42,2104242.02,2104242.02,-27262101.18,2284153.81,5.680808875,2.163877853,0.589256302,0.322014557,0.514883963,1.598946231,,76173110.12,369173246.6,,,,,,,,,,,,,,,,,,,,,,,,,,,
2018-05-01 00:00:00,226274191.8,-775978.63,389612988.2,164114775,225498213.2,92487475.34,69449428.39,5610094.5,1336077.3,6430530.52,118255.34,12542469.27,11157806.14,10094338.72,0,131700864.5,1186527.19,24405.74,89718817.53,121089887.4,307509.88,-8085027.75,16981522.34,34633129.26,11625472.94,14632154.47,34978930.77,121845832.6,135452.49,75398320.93,314214667.2,14417892.26,149696882.7,6946171.8,45790935.4,-1536241.89,60980428.67,313907157.3,12542469.27,135857494.4,0,-2094317.75,-26243550.92,-215162.45,-10673.48,-454320.19,-1895118.59,-6043905.68,-4941412.83,0,0,19515.24,427768.15,-119038.08,-251380.31,1317002.1,-1171984.52,40900600.68,11390747.49,1126176.76,1352012.69,-775978.63,-775978.63,-28337868.67,-550142.7,5.229496765,2.053516908,0.869923914,0.348698577,0.602477033,1.727787474,,88716454.05,375195095.9,,,,,,,,,,,,,,,,,,,,,,,,,,,
2018-06-01 00:00:00,226274191.8,-2902366.68,394712507.7,171340682.6,223371825.1,92192828.02,69449428.39,4878698.31,1425409.79,7680287.7,118324.63,12859346.18,13101824.65,10452711.24,0,132550265.1,1177359.74,24398.28,89718817.53,134258878.8,306379.25,-8491245.05,17155907.14,37201829.37,11625472.94,7405615.08,34978930.77,121845832.6,410081.62,79944217.82,314768289.9,8300423.72,163040258.9,6304108.1,50303654.02,-692632.72,71643794.1,314461910.7,12859346.18,142074575.5,0,-2513181.3,-27303821.46,-258828.5,-12792.24,-439867.65,-1933068.33,-7147369.84,-5733045.1,0,0,21287.08,437660.86,-120207.44,-251380.31,1588850.55,-1171984.52,41935381.52,10946394.24,-988378.64,-716757.9,-2902366.68,-2902366.68,-29817002.76,-2630745.94,9.631341786,3.570969965,1.549239727,0.359944447,0.636045192,1.767064882,,91396464.78,386412084,,,,,,,,,,,,,,,,,,,,,,,,,,,
2018-07-01 00:00:00,226274191.8,-4283574.07,399116399.2,177125781.5,221990617.7,91955941.7,69449428.39,8902435.51,2044439.05,9918584.46,118254.02,9669487.26,14576342.21,10206380.58,0,133378025.7,1174305.45,24390.82,89718817.53,134896001.7,305249.29,-5052071.6,16892723.19,38334889.54,11625472.94,7401091.17,34978930.77,121845832.6,151420.14,83758364.97,315358034.2,13711583.64,163414197.8,10946874.56,52911231.75,4984766.88,70046781.33,315052784.9,9669487.26,142448513,0,-2932044.85,-31881644.51,-301848.53,-14985.7,-356368.38,-1957892.13,-8165724.77,-6369484.9,0,0,21713.3,439995.93,-126719.92,-251380.31,1714626.37,-1171984.52,47070168.85,11084494.97,-2431022.79,-2114188.56,-4283574.07,-4283574.07,-34813689.36,-3966739.84,6.108584331,2.249713383,0.705205723,0.356909697,0.641687088,1.797897602,,93367416.49,385404815.6,,,,,,,,,,,,,,,,,,,,,,,,,,,
2018-08-01 00:00:00,226274191.8,958749.2,405927687.4,178694746.4,227232941,89980158.39,69449428.39,19728171.84,3313785.35,12010737.04,131220.94,2370803.54,15842909.34,10091861.61,0,133626330.1,1156349.84,24577.4,89718817.53,135798500.5,305187.37,-5706094.12,16878008.19,40925084.92,11625472.94,6716073.06,34978930.77,121845832.6,84478.02,92297194,313630493.4,14392764.78,164301981.6,23041957.19,56767994.26,6435863.86,77904429.22,313325306,2370803.54,142599051.6,0,-3339240.7,-37411236.68,-344886.51,-17180.95,-1298314.6,-2013819.48,-9508004.57,-8144266.15,0,0,22107.11,467282.82,-697315.71,-1709844.03,1758705.21,1219046.39,61975717.05,22444286.06,3781493.35,4143560.81,958749.2,958749.2,-40750477.38,1320816.66,6.41274942,2.468545848,0.164721899,0.35129176,0.627545685,1.78639455,,86397552.4,391534922.6,,,,,,,,,,,,,,,,,,,,,,,,,,,
2018-09-01 00:00:00,226274191.8,1456022.32,420587972.3,192857758.2,227730214.1,89799777.06,69449428.39,24238303.94,4462417.28,18828798.21,132092.57,5780960.52,15890444.49,9940320.84,0,133650326.3,1158906.28,73947.23,89718817.53,142696946.7,304294.4,-5110417.89,16762505.98,46728362.72,11625472.94,6724218.69,34978930.77,121845832.6,39234.76,107114757,313473215.3,21772832.62,171084925.6,28700721.22,62618807.21,13850472.89,85341924.4,313168920.9,5780960.52,149460400.1,0,-3746436.55,-45334327.02,-387729.47,-19376.2,-1549223.37,-2022578.9,-10477456.82,-9391737.39,0,0,28508.41,427921,-697315.71,-1709844.03,2406693.58,1229946.2,72698978.59,24848161.22,4571395.18,4978500.85,1456022.32,1456022.32,-49080763.57,1863127.99,4.919651884,2.043645427,0.26551256,0.355360614,0.656304657,1.846869437,,85743001.19,398815139.7,,,,,,,,,,,,,,,,,,,,,,,,,,,
2018-10-01 00:00:00,226274191.8,-2851242.87,422855552.9,199432604,223422948.9,89570537.81,69449428.39,21564295.07,4170039.23,24997934.07,0,1739858.77,19980303.95,9846560.18,0,133444705.4,1279123.64,75270.12,89718817.53,144711751.9,372718.99,-6789483.15,16752287.72,52372445.81,11625472.94,6725736.53,34978930.77,121845832.6,129780.32,109748773.1,313106779.8,26343091.41,173089512.6,25734334.3,72352749.76,18208450.92,83405681.72,312734060.8,1739858.77,151567268.8,0,-4153632.4,-48083591.38,-430607.49,-21571.45,-3737166.73,-2041888.82,-11491204.42,-10173220.08,0,0,29953.66,328059.95,-698234.03,-1709844.03,2549731.28,1329660.37,75452312.66,24544749.25,2569799.03,3021977.97,-2851242.91,-2851242.91,-52237223.78,-2399063.97,4.166131128,1.419576115,0.066046112,0.358437456,0.6783872,1.892623631,,89683830.84,396512461.5,,,,,,,,,,,,,,,,,,,,,,,,,,,
2018-11-01 00:00:00,226274191.8,-3039227.77,431967430.5,208732466.5,223234964,85814321.58,69449428.39,38576490.88,4160099.76,28443449.07,740708.39,4633870.04,19165788.61,9718001.18,0,134093318,1286302.28,75696.13,89718817.53,145252486.9,372742.13,-7300513.46,16753792.74,45638284.66,11625472.94,11832268.97,34978930.77,121845832.6,98498.64,121968231.3,309999199.3,35100713.89,173631752.6,42736590.64,64804073.27,21883644,86867517.37,309626457.1,4633870.04,157183254.5,0,-4535085.65,-68613806.56,-473500.72,-23766.7,-4634219.74,-2072521.46,-12822662.52,-12781134.76,0,0,35762.46,328114.45,-1956173.94,-4850441.73,2587623.62,1679361.67,105093223.8,33623693.26,3303636.51,3800903.93,-3039227.78,-3039227.78,-73148892.21,-2541960.36,3.47480771,1.628575367,0.132016404,0.36387756,0.704115752,1.935034829,,86764235.24,396866716.6,,,,,,,,,,,,,,,,,,,,,,,,,,,
2018-12-01 00:00:00,207569218.6,-2.98023E-08,429225235.1,221656016.5,207569218.6,73482227.54,69449428.39,55661524.47,4284388.39,29810054.82,398343.68,6698990.88,24445936.43,9369945.54,0,135346502.7,1272188.75,75404.65,89718817.53,115994403.7,381442.44,-9067097.24,16772363.74,29760054.49,11625472.94,54280229.21,34978930.77,103140859.5,570056.87,130296244.9,298928990.2,77263776.09,144392240.4,59945912.86,54205990.92,21141301.26,53032468.76,298547547.8,6698990.88,170844689.8,0,-4825138.82,-90857742.47,-516306.25,-25961.95,-5021808.33,-7148566.01,-14533379.28,-18273991.24,-643206,0,42236.11,427608.43,-3637007.25,-15909852.68,3724767.68,2040967.58,136452407.3,42810493.58,-6361237.39,-5818969.19,-18061767.19,-18704973.19,-95682881.29,-18162704.99,1.686382047,0.984811483,0.086702867,0.398030395,0.823073339,2.067865544,2.373380935,91359771.63,351961459,0.081413223,0.973375331,0.411477706,0.34376656,0.030760705,0.076801488,0.004410055,0.008349584,0.013209325,0.991864322,0.208308952,0.143366508,0.846657065,0.988209983,5.931886421,369.3546982,431.1072514,61.53185919,800.4619496,738.9300904,31.71633779,2253376.18,71468840.1,32.02192238,,,
2019-01-01 00:00:00,207569218.6,15137002.97,442579108.3,219872886.8,222706221.6,72589041.87,69449428.39,79813442.67,5708129.61,29046116.02,86649.72,9229618.96,18604911.03,10596338.33,0,135098892.3,1196215.05,75135.59,89718817.53,115508153.6,378490.02,-9254085.45,17441038.24,20766290.45,11625472.94,54038625.8,34978930.77,103140859.5,184700.82,144793866.6,297785241.7,75298221.96,144574664.8,85521572.28,39371201.48,19878680.29,69495644.68,297406751.7,9229618.96,169731480.2,0,-265226.58,-21267378.47,-42818.6,-2195.25,660325.2,-23985.41,-1225821.44,-4601903.61,0,0,670.09,70311.14,-1183430.99,-2979191.4,51247.17,129527.3,45816873.82,24413796.07,14429681.95,14474695.8,15137002.97,15137002.97,-21532605.05,15182016.82,1.922938721,1.400068453,0.122574195,0.383505405,0.76213174,1.987277702,1.973931914,75079020.11,367280886.4,0.068937785,0.952638152,0.278092,0.339872046,0.017033545,0.064296685,0.002454991,0.004486189,0.010761245,0.880875024,0.206860971,0.14412681,0.857440928,1.159656954,1.818861083,314.7482527,425.6853017,200.6750287,740.4335545,539.7585258,48.10765612,1371876.828,65997778.69,36.24979846,-0.097014754,-0.411345905,-0.405578778
2019-02-01 00:00:00,207569218.6,8176233.79,426344746.5,210599294.1,215745452.4,74355593.9,69449428.39,52496355.12,5678032.37,23538162.61,0.5,16767305.86,18126202.92,10561049.19,0,134816503,1114956.63,74081.76,89718817.53,113919736.5,375698.79,-3830251.71,17364664.24,23375106.09,11625472.94,46629529.58,34978930.77,103140859.5,237022.78,127078133.3,299266613.2,67689420.39,142909873.7,58174387.49,41501309.01,19707911.4,59388712.92,298890914.4,16767305.86,160786288.9,0,-530453.16,-24097624.62,-87095.62,-4548.98,2335123.83,-73042.77,-2370213.52,-5796223.73,0,0,1114.9,134098.76,-1183430.99,-2979191.4,70871.96,456531.46,42300317.67,18128771.35,5778939.07,5870583.67,8176233.79,8176233.79,-24628077.78,8267878.39,1.877370682,1.264257011,0.247709402,0.377127407,0.745259226,1.976147083,1.343234906,83521160.79,358655326.1,0.048977167,9.519695519,-0.002273382,0.33135742,-0.000958203,0.044275368,-0.000145322,-0.000262768,0.007588916,1.083866581,0.203826835,0.151661064,1.4966182,1.068822311,2.29993608,341.4973622,243.883176,158.7000626,585.3805382,426.6804756,337.9137679,233990.9792,79068773.43,47.75528401,-0.183034212,-0.62550014,-0.726891291
2019-03-01 00:00:00,196966739.9,5583646.84,383424685.1,180874298.4,202550386.7,75497793.41,92599237.39,19605897.5,5851446.13,15234959.74,32038.06,14455442.67,13763707.29,10663658.47,0,135613282.5,1142286.88,0,89718817.53,107655777.6,374090.25,-4475470.24,17374078.22,17880549.34,4645345.49,38949085.48,12032123.59,92335378.89,316197.14,82220701.4,301203983.7,51199097.06,129675201.3,25457343.63,31644256.63,10791527.56,31021604.34,300829893.4,14455442.67,146921060.2,2292658.99,-795679.74,-29617325.69,-131329.83,-6902.71,1819589.89,-1640573.52,-3563821.53,-6069858.82,0,6980127.45,9614.06,37588.59,-1183430.99,-2979191.4,285760.5,1101834.15,39044587.44,12026075.15,-1622699.63,-1484467.09,-1396480.61,5583646.84,-30413005.43,5721879.38,1.605901395,0.987838608,0.282337844,0.383181016,0.725355614,1.892984216,1.10435923,98653596.95,332225588,0.041070244,-0.156712877,-0.201114973,0.331407896,0.001145926,0.036358612,0.000187215,0.000324644,0.006472798,1.455073871,0.20306906,0.163374281,3.705007421,1.162110786,4.114690317,314.0836522,98.51532224,88.70655429,412.5989744,323.8924201,239.0239483,365709.6042,87413353.54,52.56468229,-0.021216026,0.393678132,-1.331288045
2019-04-01 00:00:00,146855239.9,-1940204.05,316881729.6,171966693.7,144915035.8,75497793.41,69449428.29,7860148.69,5974719.24,11982842.97,8242.62,10407077.17,12878367.29,10475785.92,0,137061313.7,1142286.88,0,39607317.53,107655777.6,374090.25,-5267015.98,17424253.22,16745116.33,4645345.49,34210367.29,12032123.59,65373687.99,164593.67,64341214.64,252540514.9,42241317.45,129725376.3,13834867.93,29623483.62,6724069.61,22099897.19,252166424.7,10407077.17,142030738.5,2292658.99,-1060906.32,-30087989.07,-175311.24,-9256.44,1986963.45,-1980916.95,-5271121.03,-6207392.08,0,6980127.45,10785.49,486424.03,-1183430.99,-2979191.4,369022.6,1272208.84,39784345.09,12200317.53,-3256363.05,-3071795.37,-2753107.03,4227020.42,-31148895.39,4411588.1,1.523182006,0.821890346,0.246371984,0.448213719,0.980096632,2.186672541,0.842664233,107625479.1,274640412.1,0.032645617,-0.288447006,-0.494499247,0.331935485,0.003982917,0.02792348,0.000703311,0.001341435,0.005360695,1.501608848,0.220385046,0.176581862,6.003268077,1.130622387,5.775613385,322.8310391,60.80021671,63.19675083,383.6312558,320.434505,180.795077,542995.795,98170966.58,68.23234027,-0.016823166,1.008809053,-1.941631207
2019-05-01 00:00:00,146855239.9,1403411.9,340280184.6,192021532.8,148258651.8,77429379.21,69449428.29,7983476.59,5881466.26,13100514.71,18080.81,21760467.69,15409574.05,10454749.78,0,138364407.1,748625.38,0,39607317.53,127513777.9,375883.53,-6113060.37,17277829.37,23013462.9,4645345.49,34608916.91,12032123.59,65373687.99,221502.6,84503197.27,255776987.3,42584580.04,149436952.8,13864942.85,38423036.95,7005535.15,41918617.23,255401103.8,21760467.69,162344197.4,2292658.99,-1326132.9,-30647282.5,-219093.48,-11610.17,34450.18,-2090969.97,-6389957.16,-6317560.35,0,6980127.45,10794.09,423535.33,-1184540.19,-2979191.4,458045.52,1864024.59,40506113.87,12689382.05,-3954525.18,-3723821.53,-5576715.55,1403411.9,-31973415.4,1634115.55,1.984361409,1.082085588,0.510994066,0.477089777,1.095006568,2.295179273,0.632833198,107518335.6,297695604.6,0.025878139,-0.340944857,-0.956750076,0.333846353,0.006898132,0.021147006,0.001170239,0.002314442,0.003854344,1.097972499,0.218804171,0.169645775,6.182165186,0.967816493,6.365629297,377.1376109,59.04080351,57.33918564,436.1784144,378.8392288,137.1793445,725017.3158,99457400.17,94.34357243,-0.009645013,-2.808570295,-3.754280013
2019-06-01 00:00:00,146855239.9,4665461.34,337285202.7,185764501.5,151520701.2,77843895.81,69449428.29,9787644.07,6191837.97,10610262.78,54409.21,13456813.87,16377791.82,10722537.51,0,138461666.9,654617.22,0,39607317.53,124745860.7,380020.46,-6546382.27,17681710.16,24455676.75,4645345.49,33857667.74,12032123.59,65373687.99,61010.53,80992301.99,256292900.7,38691585.21,147072916.3,15979482.04,40833468.57,4118289.72,42300716.78,255912880.3,13456813.87,158664538.9,2292658.99,-1591359.48,-33362622.63,-261826.21,-13963.9,3239773.73,-2097533.46,-7601825.03,-6726575.35,0,6980127.45,10810.68,516883.88,-1184656.54,-2979191.4,940137.59,1994841.36,44509781.66,13843299.9,-3984600.94,-3708810.83,-2314666.11,4665461.34,-34953982.11,4941251.45,2.093279496,1.037921636,0.347796912,0.470416543,1.047147602,2.226000804,0.509630778,104772199.5,298593617.5,0.021803737,-0.874886896,-1.134451821,0.336560404,0.01695544,0.017083274,0.002880795,0.005679672,0.003124884,1.113664954,0.219133091,0.169903855,4.646654323,0.925143692,5.026052223,394.5333069,78.55114124,72.62160913,473.0844481,400.462839,73.05940915,1356017.098,99069808.01,110.3775352,0.061389692,-2.607467923,4.174426163
2019-07-01 00:00:00,146870300.6,5655599.25,338706824,186180924.1,152525899.9,80108078.21,69449428.29,15481580.5,6789106.93,16055050.97,141387.47,5533747.74,16506090.78,11029409.94,0,137471286.8,675843.8,0,39613453.53,125125027.4,380747.55,-7619113.32,17883666.81,25793322.09,4645345.49,29168978.59,12032123.59,65388748.76,104736.92,81133257.98,257573566,38526884.43,147654039.7,22270687.43,42299412.87,8577325.12,42606373.55,257192818.5,5533747.74,154398742.9,2292658.99,-1856586.06,-41180748.52,-304216.76,-16317.63,2725848.07,-2281390.3,-9075455.57,-8175093.62,0,6980127.45,19164.25,497647.02,-1185758.26,-2979191.4,1053492.87,2092287.45,57049131.27,18396743.13,-2285797.24,-1965262.85,-1324528.2,5655599.25,-43037334.58,5976133.64,2.105886816,1.007967441,0.143633409,0.455847748,1.012278852,2.220651209,0.508860249,105047666.2,300179939.6,0.021713485,-1.955844513,-0.893598753,0.341757997,0.029799116,0.017050083,0.005073564,0.009948289,0.003125016,1.052027111,0.222220165,0.170258872,2.797908459,0.889272549,3.805820766,410.4478435,130.4545897,95.90572506,540.9024331,444.9967081,43.81719873,2184589.888,95722609.28,107.8874124,0.21200184,-2.320299161,-0.070441073
2019-08-01 00:00:00,146870300.6,7870942.82,346466536.2,191725292.7,154741243.5,81539441.93,69449428.29,25323044.23,8104323.66,17501435.57,182368.54,1798068.66,13842916.05,10930952.21,0,137411438.4,665867.09,0,39613453.53,128878778.2,386503.64,-7450500.63,17922361.09,27516393.83,4645345.49,29260277.23,12032123.59,65388748.76,119360.11,87515698.64,258950837.5,40278807.91,151446484.8,33427367.89,41359309.88,10233303.48,47236890.73,258564333.9,1798068.66,158258415.6,2292658.99,-2106493.6,-46867337.31,-345937.95,-18736.28,-1770743.32,-2435783.13,-10340489.86,-10046648.13,0,6980127.45,19178.37,527899.04,-1293181.75,-3208977.16,1101552.92,2161004.61,73222849.93,28702682.62,4550264.41,4914938.64,890815.37,7870942.82,-48973830.91,8235617.05,2.172747983,1.145922413,0.044640563,0.456778358,1.022729377,2.239005765,0.530244111,104209594.1,306187728.3,0.0223964,-2.537378463,-0.848540023,0.344885996,0.038319358,0.017797568,0.006427161,0.012889806,0.003247857,0.970405066,0.225026536,0.167726221,2.07080494,0.860454941,2.301494014,424.1942055,176.259962,158.5926349,600.4541675,441.8615326,34.40144076,2760823.254,94976297.63,106.7944397,0.181476446,7.209595189,0.186163029
2019-09-01 00:00:00,146870300.6,7397441.07,348955218.5,194687476.8,154267741.7,81655538.96,69449428.29,22470715.5,8799594.94,16487989.89,175707.9,1697512.59,13709987.73,10769275.91,0,137063310.6,649650.36,0,39613453.53,128727111.5,386018.91,-3195820.79,17919584.03,32789809.84,4645345.49,29225843.24,12032123.59,65388748.76,52065.12,90236896.51,258718322,43395435.72,151292041,31270310.44,46499797.57,13467877,46841460.79,258332303.1,1697512.59,158005019.9,2292658.99,-2369805.3,-48758200.81,-388150.67,-21495.22,-1775709.16,-2447471.74,-11389591.11,-10473730.41,0,6980127.45,19197.35,543332.17,-1774539.01,-3208977.16,1798217.47,2231253.38,76140324.85,29536231.11,4077965,4487610.89,417313.62,7397441.07,-51128006.11,7807086.96,2.079409851,1.007873252,0.039117307,0.452794546,1.024225921,2.262010286,0.502952034,104450580.3,305559782.8,0.021663896,-2.797753811,-0.958573777,0.349401501,0.045811951,0.017082198,0.007670558,0.015674782,0.003144278,0.992180781,0.226293684,0.167435745,2.266985649,0.755639603,1.595832319,483.0345029,161.0067537,228.720772,644.0412566,415.3204846,29.81039298,3256153.168,97067205.55,110.5774335,0.047336927,4.080582192,-0.098601964
2019-10-01 00:00:00,146870300.6,8698450.95,356810799.8,201242048.2,155568751.6,81914933.52,69449428.29,14308589.05,8230626.61,17939914.17,210607.03,12245488.04,14232167.16,10575854.78,0,136367915.9,602815.55,0,39613453.53,126982944.5,969806.21,-2277865.92,17675824.66,38351964.97,4645345.49,35451924.44,12032123.59,65388748.76,10538.27,97944690.61,258866109.2,51937933.54,149304114.6,22539215.66,52584132.13,15872655.28,46006757.07,257896302.9,12245488.04,162445407.2,2292658.99,-2633117,-51170244.37,-431897.56,-24050.87,308410.72,-2466722.55,-12625833.73,-11178955.98,0,6980127.45,27140.1,581364.65,-1774539.01,-3208977.16,1835159.95,2393193.75,79794733.57,30677224.94,3268130.58,3724079.01,1718323.5,8698450.95,-53803361.37,9154399.38,1.88580261,0.873360863,0.235771568,0.455270433,1.044203322,2.293589144,0.521063769,103297357.6,304872866.2,0.022443703,-5.792069662,-0.582842539,0.355320625,0.060369531,0.017882687,0.009945975,0.020710379,0.003311626,0.978010596,0.228981915,0.164751566,1.990821037,0.767289306,2.202727546,475.7006221,183.3414422,165.7036526,659.0420643,493.3384117,22.52479445,4218941.781,95030796.4,109.5889418,0.05755186,-4.05075759,0.232331621
2019-11-01 00:00:00,146870300.6,10814328.55,364428434.7,206743805.5,157684629.2,82202382.9,69449428.29,26762467.31,7359752.24,22986807.94,197000.66,9523042.16,15997201.36,10469982.93,0,135973791.5,649859.19,0,39613453.53,128878778.2,1013587.29,-3855513.14,17380287.93,35512773.49,4645345.49,35861239.2,12032123.59,65388748.76,0,105625219.5,258803215.2,55839393.85,150904411.6,34122219.55,51509974.85,19328295.46,49785825.64,257789627.9,9523042.16,164740017.4,2292658.99,-2896428.7,-62162143.7,-475219.92,-26606.52,-1858075.94,-2570412.7,-13779098.54,-13012005.24,0,6980127.45,40253.63,543320.94,-1922284.69,-3208977.16,2315097.8,2760502.27,97793620.58,37788209.44,7679115.17,8180941.61,3834201.1,10814328.55,-65058572.4,11316154.99,1.89158965,0.969123067,0.170543437,0.452050394,1.044743665,2.311122121,0.67207048,101118586,308589040.8,0.028326379,-48.60843626,-0.06841984,0.364070086,0.078875423,0.023716358,0.012794113,0.027800103,0.004622123,1.25207142,0.231398967,0.16220658,1.368538362,0.839251927,3.081946023,434.9111254,266.7079054,118.4316653,701.6190308,583.1873655,17.90901268,5373784.727,96239178.81,92.02622288,-0.069458362,-4.558248783,1.152367374
2019-12-01 00:00:00,147723020.7,0,370350940,222627919.3,147723020.7,78106541.77,69449428.29,25087452.87,752772.6,30582258.69,223892.62,3559731.63,35917179.62,10164258.34,12172546.5,136247168.5,561217.76,0,46359453.53,108764115.3,1023079.79,3877947.57,17272768.16,20960754.77,4645345.49,56700373.71,12032123.59,66241468.82,0,108614696.3,261736243.6,91945690.35,130682228.9,25840225.47,56877934.39,34684098.88,16669005.98,260713163.8,3559731.63,165464489,2292658.99,-3084359.8,-71176982.21,-518651.94,-29252.91,1343511,-7283591.68,-15224428.84,-14724757.33,-105904,6980127.45,40294.54,616328.68,-3458577.7,-6848227.58,3835827.48,2897194.48,105301511.4,36230022.89,-738045.93,-190141.08,-6021503.39,852720.06,-74261342.01,1400624.91,1.181291868,0.562688275,0.03871559,0.446777559,1.12009955,2.507063139,0.874040584,114013222.9,278405249.6,0.037110319,7.461118449,0.45054133,0.370492409,0.108574326,0.032298962,0.016500448,0.036211261,0.006180006,1.433813413,0.221357505,0.151973755,1.109393296,0.884704789,3.363761022,412.5669993,329.0086584,108.5094921,741.5756577,633.0661657,13.49875523,7004062.218,94546121.52,73.11093284,-0.228291288,-1.045587879,-0.967323924
2020-01-01 00:00:00,147723020.7,6616322.38,398126771.3,243787428.2,154339343.1,71585643.08,69449428.29,65260559.18,692921.6,36297997.29,230599.96,12662891.92,26784301.51,18814392.51,6831927.76,135928650.2,615677.96,0,46359453.53,110108501.4,1026828.13,3727413.84,25720669.8,12179201.82,4645345.49,62441222.46,12032123.59,66241468.82,0,143226196.3,254900575,103312911.5,140474516.7,65953480.78,38963503.33,40256011.09,39913284.79,253873746.8,12662891.92,172549723.8,0,-174136.19,-28237297.34,-43465.87,-2731.45,-1448294.91,-18534.28,-1396715.68,-3995062.57,0,0,11.56,-47523.23,-1164728.28,-6151401.24,302850.38,17348.98,48976002.5,20581917.95,8130663.24,8176860.56,6616322.38,6616322.38,-28411433.53,6662519.7,1.386333946,1.00919325,0.122568339,0.433403972,1.117989233,2.579554657,0.644213758,100561231.9,294813859.7,0.028492815,31.75416897,0.128447714,0.363772696,0.096667551,0.023700286,0.014547011,0.032407699,0.004499841,1.249426559,0.224454568,0.150484948,0.999538259,1.072500393,0.86297316,340.3262157,365.1686134,422.9563754,705.4948291,282.5384537,14.62339906,6294104.125,92041196.33,94.2927203,0.068951205,-0.562904071,-0.435092753
2020-02-01 00:00:00,147723020.7,7439003.73,393351852,238189827.6,155162024.4,73425410.15,69449428.29,72444283.39,692921.6,31235954.63,292819.57,12007368.21,9494943.16,19491301.92,6831927.76,136023590.3,632700.13,0,46359453.53,113157962.5,1033778.18,5664851.88,26011734.98,15546873.83,4645345.49,56409604.59,12032123.59,66241468.82,138853.79,136509619.9,256842232.2,94374784.59,143815043,73137204.99,25041816.99,37193626.08,42134835.28,255808454,12007368.21,169706420.9,0,-348272.38,-46222408.87,-88244.11,-5462.9,-4548175.17,-397544.93,-2469614.67,-8601773.08,0,0,56.63,-47523.23,-1170248.19,-6151401.24,336407.04,17348.98,77135859.86,30582527.59,12432190.44,12525897.45,7439003.74,7439003.74,-46570681.25,7532710.75,1.44646285,1.181118488,0.127230682,0.43143669,1.093736831,2.535103892,0.876760367,101680207.7,298977067.4,0.035759657,46.58295353,0.062930529,0.363492349,0.091400115,0.031178724,0.015282033,0.033185108,0.006415345,1.775325285,0.233322906,0.167199279,1.317278479,1.586909053,1.665858649,230.0068799,277.0864369,219.106225,507.0933168,287.9870918,16.07082804,6232840.155,100166902.3,68.17494013,0.823529092,-0.090167438,1.133671566
2020-03-01 00:00:00,147371949.2,8024757.13,354292568.7,198895862.5,155396706.3,74508463.23,69449428.29,22995985.4,1000522.68,18901187.1,237242.46,16474042.97,10931914.42,454702.28,7566325.22,147520275,676580.71,0,46359453.53,112764483.7,763897.74,221528.78,25955024.97,25716986.31,1391475.46,38748339.3,12183375.59,65739145.27,0,85140479.28,269152089.5,58784878.35,140110984.1,23996508.08,36648900.73,19359958.34,26355600.93,268388191.7,16474042.97,151512823,5714263.03,-522408.57,-46522415.32,-132621.84,-8194.35,-4318755.33,-2702379.3,-4371842.89,-9301695.13,0,3253870.01,84.99,-93603.87,-1170248.19,-6151401.24,770338.13,302726.15,73279040.85,32251206.14,11885540.63,12026356.82,4770887.12,8024757.13,-47044823.89,8165573.32,1.448339806,0.82489885,0.280242869,0.427648888,0.975006656,2.279923283,1.313877849,113755383.2,295507690.4,0.050863176,9.571484227,0.203582616,0.373057479,0.090554474,0.046471847,0.01829268,0.040882772,0.011051087,2.798077091,0.260457241,0.202007466,3.583856406,1.399189332,4.145850564,260.8653395,101.8455983,88.03983509,362.7109378,274.6711028,17.19735142,6436481.317,110690431.1,42.56634393,0.876804076,0.437189235,-9.101464088
2020-04-01 00:00:00,147371949.2,4235917.69,360382794.2,208774927.4,151607866.8,74497565.31,69449428.29,11247490.05,1184224.2,19243543.84,1997.73,23151144.95,11855697.95,1264436.9,7566325.22,156859689.9,676580.71,0,46359453.53,112764483.7,764522.47,7505759.42,25825658.4,25632243.72,1391475.46,41365428.16,12183375.59,65739145.27,0,81901562.99,278481231.2,68793309.86,139981617.5,12431714.25,37487941.67,26751300.99,13108253.13,277716708.8,23151144.95,154129911.8,5714263.03,-696544.76,-46691095.82,-181356.99,-20272.24,-1591381.57,-3003104.66,-5663162.76,-9982346.43,0,3253870.01,111.05,-93603.87,-1174846.64,-6157700.71,1196469.45,962426.3,74588253.83,33877302.58,11894086.26,12095715.49,7206107.21,10459977.22,-47387640.58,10661606.45,1.190545464,0.645609601,0.336531924,0.42768388,1.016635317,2.377071861,1.777285006,126873364.4,291589484.4,0.066656312,4.525396693,0.333406955,0.383305216,0.094186818,0.062425038,0.019005432,0.044407768,0.014977184,2.569342392,0.26520005,0.201784417,5.376457934,1.257184039,2.752185964,290.3313984,67.88856241,132.6218522,358.2199608,225.5981086,16.84497973,6957316.179,117195850,33.58150159,0.874814168,1.474550908,-4.937669679
2020-05-01 00:00:00,147371949.2,4680523.24,374522985.1,222470512.7,152052472.4,76863961.13,69449428.29,4885111.97,1037259.27,17117451.2,17441.18,32081811.72,13770539.77,733222.06,9353943.95,157361057.7,130586.02,0,46359453.53,122600534.2,764522.47,7223044.18,25967071.38,31312101.58,1391475.46,48022909.16,12183375.59,65739145.27,0,93173990.32,281348994.8,72511431.74,149959081,5922371.24,45082641.35,24357936.56,20662558.58,280584472.3,32081811.72,170623443.3,5714263.03,-870680.95,-47304455.74,-230671.2,-32350.13,-4293177.92,-3593353.68,-7091537.83,-10094367.4,0,3253870.01,1731.66,451407.13,-1175716.33,-6157700.71,1210066.95,1618399.9,73274796.45,32432322.69,8860046.04,9123067.37,1426653.23,4680523.24,-48175136.69,4943544.57,1.284955876,0.663224375,0.442437985,0.455575359,1.122135278,2.463116707,2.101410021,129296522.4,302011553.4,0.0787583,3.373038863,0.374929229,0.391457311,0.094403298,0.074647716,0.019475174,0.045664733,0.018250913,2.332221711,0.273709306,0.206297596,6.704652612,1.142211369,3.681970283,319.5555654,54.43980787,99.13170719,373.9953733,274.8636661,16.1803832,7233101.931,117034361,28.47229018,0.80898115,2.335103001,-3.449920679
2020-06-01 00:00:00,147371949.2,-1004882.95,375373519.4,229006453.2,146367066.2,77186390.66,69449428.29,6611876.59,870715.68,15837301.59,119174.16,25581428.81,16372096.78,871871.66,10256998.76,158203609.3,152867.62,0,46359453.53,125486045.8,764522.47,7908580,26039859.96,32294555.24,1391475.46,52071148.66,12183375.59,65739145.27,0,92859543.52,282513975.9,76089072.03,152917381.2,7482592.27,48666652.02,23865055.75,16770471.49,281749453.5,25581428.81,177557194.5,5714263.03,-1044817.14,-49855032.3,-275905.46,-34006.33,-8180406.18,-3782834.12,-8511689.99,-10498651.67,0,3253870.01,6382.36,432471.94,-1251308.16,-6157700.71,1124976.2,2342151.34,75713354.23,32869919.16,7265633.04,7575544.83,-4258752.96,-1004882.95,-50899849.44,-694971.16,1.220405783,0.580804711,0.336203717,0.473014705,1.213095262,2.564603699,2.335127316,136146909.7,299284447.4,0.088433967,3.412094216,0.294922152,0.398924132,0.08495865,0.084426579,0.018089744,0.043217914,0.021413502,2.560676862,0.282117253,0.212924098,5.110190028,1.108017613,3.53038754,329.417146,71.42591528,103.388083,400.8430613,297.4549783,17.83082324,6763416.713,120597287.9,24.68820075,0.701049778,-1.215387692,-3.042580541
2020-07-01 00:00:00,147371949.2,-816482.01,387407942.4,240852475.2,146555467.1,79013083.85,69449428.29,13870726.53,2023163.98,23260239.76,513913.99,19353461.58,17721026.97,765632.14,11652722.38,160810790.3,152346.78,0,46359453.53,137728566.9,554522.39,7722799.22,26063019.45,35283358.76,1391475.46,44020113.65,12183375.59,65739145.27,0,100670092.3,286737850,75669413.4,165183061.8,15893890.51,53004385.73,31496952.97,25000678.94,286183327.7,19353461.58,181748680.6,5714263.03,-1218284.37,-57081296.25,-322234.22,-35535.8,-7852988.37,-4003873.33,-9813939.66,-11830205.64,0,3253870.01,6414.95,432471.94,-1282685.88,-6225934.17,1993745.43,2555255.02,84894475.3,34864412.73,7347622.79,7705392.81,-4070352.02,-816482.01,-58299580.62,-458711.99,1.330393455,0.629920393,0.255763336,0.469140306,1.240135794,2.643421975,2.496807329,140182382.9,311738529,0.096101308,3.557165355,0.230447534,0.404625021,0.0755579,0.092173009,0.016131983,0.039292996,0.023372048,2.16903482,0.287630062,0.213504909,3.176841163,1.095079089,3.352227492,333.3092593,114.8940036,108.8828252,448.2032629,339.3204378,19.62300701,6227179.578,122195988.5,22.58026483,0.488094094,-1.14436702,-4.920795027
