Fecha,PATRIMONIO,RESULTEX,ACTIVO_T,PASIVO_T,PATRIMONIO_T,Activo Biológico,Capital Social,Cuentas por Cobrar Comerciales,Cuentas por Cobrar a Relacionadas,Cuentas por Pagar Comerciales,Cuentas por Pagar a Relacionadas,Efectivo y Equivalente de Efectivo,Existencias,Gastos Pagados por Anticipado y Otros Activos,Impuestos por Recuperar,"Inmueble, Maquinaria y Equipo, Neto",Instrumento Financiero Derivados,Instrumentos Financieros Derivados,Inversiónes Mobiliarias,Obligaciones Financieras,Otras Cuenta por Cobrar Largo Plazo,Otras Cuentas por Pagar,Otras Cuentas por Pagar Largo Plazo,Parte Corriente de Activo Biológico,Pasivo por Impuesto a la Renta Diferido,Porcion Corriente de Obligaciones Financieras,Reserva Legal,Resultados Acumulados,Sobregiros Bancarios,ACTIVO_CORR,ACTIVO_NCORR,PASIVO_CORR,PASIVO_NCORR,CxC,INVENTARIOS,CxP,CAPEX,ACT_FIJ,CASH,DEUDA_TOT,Cambios en el Valor Razonable de Activos Biológicos,Costo de Venta - NIC 41,Costo de Ventas,Depr. De Gastos de Administración,Depr. De Gastos de Venta,"Diferencia de Cambio, Neta",Gastos Financieros,Gastos de Administración,Gastos de Venta,Impuesto a la Renta Corriente,Impuesto a la Renta Diferido,Ingresos Financieros,"Instrumentos Financieros, Netos",Otros Gastos,Otros Gastos - NIC 41,Otros Ingresos,Restitución de Derechos Arancelarios,Ventas,uti_bruta,EBIT,EBITDA,EBT,Utilidad Neta,costo_venta,Ratio de Liquidez,Ratio Rápido,Ratio de Cash,Deuda/Activos,Deuda/Patrimonio,Apalancamiento,Cobertura de Intereses,Margen Ebitda,ROA,ROE,rotacion_trabajo,rotacion_fijos,Rotación de Activos,rotacion_inventarios,rotacion_cxp,dias_inventario,dias_cxp,mg_bruto,Margen Neto,mg_operativo,carga_impositiva,carga_intereses,ventas12M,Var 12M Util. Neta,Var 12M de Ebitda
1-Ene-18,236102191.8,25714597.26,459466149.4,197649360.4,261816789.1,92415736.3,69449428.39,89756769.54,781599.38,24989264.65,112561.05,18329754.25,9386873.2,6000321.83,0,132717328.5,1437490.68,0,87952153.44,110972624.7,309479.4,-6226897.06,4400979.86,21816133.62,11625472.94,50018897.98,32752998.29,133899765.1,318965.61,146071451.8,313394697.6,70650282.91,126999077.5,90538368.92,31203006.82,18874928.64,75421168.91,313085218.2,18329754.25,161310488.3,0,-418863.55,-22798033.79,-43290.21,-2121.57,1301804.9,-21212.77,-1068302.07,-3532570.79,0,0,567.07,127943.02,-116268.78,-251380.31,255457.52,1541530.34,50739338.25,29063971.25,24305495.04,24350906.82,25714597.26,25714597.26,-23216897.34,2.067528194,1.625873815,0.259443466,35.11 %,0.616119726,1.754914767,1145.795435,47.99 %,,,,,,,,,,57.28 %,50.68 %,47.90 %,1,1.057974636,,,
1-Feb-18,236102191.8,21832408.14,435731936.9,177797336.9,257934599.9,92345507.02,69449428.39,60948934.32,1164351.35,17481503.41,113699.51,15721074.71,8592858.24,9877818.93,0,132476983.2,1551570.25,0,89718817.53,112110982.3,309829.49,-6976572.07,7391735.24,24575762.11,11625472.94,34264774.54,32752998.29,133899765.1,234170.78,120880799.7,314851137.2,46669146.42,131128190.5,62113285.67,33168620.35,10618630.85,74211653.24,314541307.7,15721074.71,146609927.7,0,-837727.1,-24776385.88,-85857.3,-4243.14,487235.64,-90081.7,-2154203.65,-4323182.44,0,0,1335.39,28609.24,-116373.57,-251380.31,604390.67,1572929.48,51777342.81,27736159.31,21405309.57,21495410.01,21832408.14,21832408.14,-25614112.98,2.590165215,1.87944683,0.336862272,33.65 %,0.568399616,1.689311698,237.6210659,41.52 %,,,,,,,,,,53.57 %,42.17 %,41.34 %,1,1.019952927,,,
1-Mar-18,236102191.8,4006410.6,397918660.7,157810058.3,240108602.4,92386583.78,69449428.39,24208442.71,1144595.38,12696379.94,116652.94,10494015.79,8791600.86,10297013.2,0,132311864.5,1454761.73,0,89718817.53,111386572.9,307722.67,-7233474.86,7551469.91,28258004.28,11625472.94,20041817.51,34978930.77,131673832.6,170405.27,83193672.22,314724988.5,27246542.53,130563515.8,25353038.09,37049605.14,5579558.02,55947129.69,314417265.8,10494015.79,131598795.7,0,-1256590.65,-25193644.01,-128467.91,-6377.37,1241191.68,-1697639.1,-3545179.12,-4618245.19,0,0,1415.63,115392.23,-116879.35,-251380.31,743884.46,-1171984.52,39890914.13,12268694.95,4346050.16,4480895.44,4006410.6,4006410.6,-26450234.66,3.053366207,1.69357514,0.385150365,33.07 %,0.548080304,1.6572445,2.560055409,11.23 %,,,,,,,,,,30.76 %,10.04 %,10.89 %,1,0.92185098,,,
1-Abr-18,236102191.8,2104242.02,380879279.5,142672845.6,238206433.8,92290341.8,69449428.39,7076400.68,1168647.27,6986041.43,117081.92,6897853.65,10032283.42,10187523.72,0,132063142.1,1496542.02,0,89718817.53,111800521.2,307242.47,-7741783.87,7540818.67,31137026.79,11625472.94,10623644.89,34978930.77,131673832.6,224506.5,66499735.53,314379543.9,11706032.89,130966812.8,8245047.95,41169310.21,-638660.52,54793702.64,314072301.5,6897853.65,122648672.5,0,-1675454.2,-25586646.98,-171380.14,-8531.65,766571.72,-1842902.26,-4430015.23,-4773378.85,0,0,19259.63,79018.3,-117247.32,-251380.31,803217.72,-1171984.52,40465096.11,12031010.41,3082294.63,3262206.42,2104242.02,2104242.02,-27262101.18,5.680808875,2.163877853,0.589256302,32.20 %,0.514883963,1.598946231,1.672522031,8.06 %,,,,,,,,,,29.73 %,5.20 %,7.62 %,1,0.682686853,,,
1-May-18,226274191.8,-775978.63,389612988.2,164114775,225498213.2,92487475.34,69449428.39,5610094.5,1336077.3,6430530.52,118255.34,12542469.27,11157806.14,10094338.72,0,131700864.5,1186527.19,24405.74,89718817.53,121089887.4,307509.88,-8085027.75,16981522.34,34633129.26,11625472.94,14632154.47,34978930.77,121845832.6,135452.49,75398320.93,314214667.2,14417892.26,149696882.7,6946171.8,45790935.4,-1536241.89,60980428.67,313907157.3,12542469.27,135857494.4,0,-2094317.75,-26243550.92,-215162.45,-10673.48,-454320.19,-1895118.59,-6043905.68,-4941412.83,0,0,19515.24,427768.15,-119038.08,-251380.31,1317002.1,-1171984.52,40900600.68,11390747.49,1126176.76,1352012.69,-775978.63,-775978.63,-28337868.67,5.229496765,2.053516908,0.869923914,34.87 %,0.602477033,1.727787474,0.594251339,3.31 %,,,,,,,,,,27.85 %,-1.90 %,2.75 %,1,-0.689038042,,,
1-Jun-18,226274191.8,-2902366.68,394712507.7,171340682.6,223371825.1,92192828.02,69449428.39,4878698.31,1425409.79,7680287.7,118324.63,12859346.18,13101824.65,10452711.24,0,132550265.1,1177359.74,24398.28,89718817.53,134258878.8,306379.25,-8491245.05,17155907.14,37201829.37,11625472.94,7405615.08,34978930.77,121845832.6,410081.62,79944217.82,314768289.9,8300423.72,163040258.9,6304108.1,50303654.02,-692632.72,71643794.1,314461910.7,12859346.18,142074575.5,0,-2513181.3,-27303821.46,-258828.5,-12792.24,-439867.65,-1933068.33,-7147369.84,-5733045.1,0,0,21287.08,437660.86,-120207.44,-251380.31,1588850.55,-1171984.52,41935381.52,10946394.24,-988378.64,-716757.9,-2902366.68,-2902366.68,-29817002.76,9.631341786,3.570969965,1.549239727,35.99 %,0.636045192,1.767064882,-0.511300415,-1.71 %,,,,,,,,,,26.10 %,-6.92 %,-2.36 %,1,2.936492719,,,
1-Jul-18,226274191.8,-4283574.07,399116399.2,177125781.5,221990617.7,91955941.7,69449428.39,8902435.51,2044439.05,9918584.46,118254.02,9669487.26,14576342.21,10206380.58,0,133378025.7,1174305.45,24390.82,89718817.53,134896001.7,305249.29,-5052071.6,16892723.19,38334889.54,11625472.94,7401091.17,34978930.77,121845832.6,151420.14,83758364.97,315358034.2,13711583.64,163414197.8,10946874.56,52911231.75,4984766.88,70046781.33,315052784.9,9669487.26,142448513,0,-2932044.85,-31881644.51,-301848.53,-14985.7,-356368.38,-1957892.13,-8165724.77,-6369484.9,0,0,21713.3,439995.93,-126719.92,-251380.31,1714626.37,-1171984.52,47070168.85,11084494.97,-2431022.79,-2114188.56,-4283574.07,-4283574.07,-34813689.36,6.108584331,2.249713383,0.705205723,35.69 %,0.641687088,1.797897602,-1.241653078,-4.49 %,,,,,,,,,,23.55 %,-9.10 %,-5.16 %,1,1.762046036,,,
1-Ago-18,226274191.8,958749.2,405927687.4,178694746.4,227232941,89980158.39,69449428.39,19728171.84,3313785.35,12010737.04,131220.94,2370803.54,15842909.34,10091861.61,0,133626330.1,1156349.84,24577.4,89718817.53,135798500.5,305187.37,-5706094.12,16878008.19,40925084.92,11625472.94,6716073.06,34978930.77,121845832.6,84478.02,92297194,313630493.4,14392764.78,164301981.6,23041957.19,56767994.26,6435863.86,77904429.22,313325306,2370803.54,142599051.6,0,-3339240.7,-37411236.68,-344886.51,-17180.95,-1298314.6,-2013819.48,-9508004.57,-8144266.15,0,0,22107.11,467282.82,-697315.71,-1709844.03,1758705.21,1219046.39,61975717.05,22444286.06,3781493.35,4143560.81,958749.2,958749.2,-40750477.38,6.41274942,2.468545848,0.164721899,35.13 %,0.627545685,1.78639455,1.87777176,6.69 %,,,,,,,,,,36.21 %,1.55 %,6.10 %,1,0.253537191,,,
1-Set-18,226274191.8,1456022.32,420587972.3,192857758.2,227730214.1,89799777.06,69449428.39,24238303.94,4462417.28,18828798.21,132092.57,5780960.52,15890444.49,9940320.84,0,133650326.3,1158906.28,73947.23,89718817.53,142696946.7,304294.4,-5110417.89,16762505.98,46728362.72,11625472.94,6724218.69,34978930.77,121845832.6,39234.76,107114757,313473215.3,21772832.62,171084925.6,28700721.22,62618807.21,13850472.89,85341924.4,313168920.9,5780960.52,149460400.1,0,-3746436.55,-45334327.02,-387729.47,-19376.2,-1549223.37,-2022578.9,-10477456.82,-9391737.39,0,0,28508.41,427921,-697315.71,-1709844.03,2406693.58,1229946.2,72698978.59,24848161.22,4571395.18,4978500.85,1456022.32,1456022.32,-49080763.57,4.919651884,2.043645427,0.26551256,35.54 %,0.656304657,1.846869437,2.260181385,6.85 %,,,,,,,,,,34.18 %,2.00 %,6.29 %,1,0.318507209,,,
1-Oct-18,226274191.8,-2851242.87,422855552.9,199432604,223422948.9,89570537.81,69449428.39,21564295.07,4170039.23,24997934.07,0,1739858.77,19980303.95,9846560.18,0,133444705.4,1279123.64,75270.12,89718817.53,144711751.9,372718.99,-6789483.15,16752287.72,52372445.81,11625472.94,6725736.53,34978930.77,121845832.6,129780.32,109748773.1,313106779.8,26343091.41,173089512.6,25734334.3,72352749.76,18208450.92,83405681.72,312734060.8,1739858.77,151567268.8,0,-4153632.4,-48083591.38,-430607.49,-21571.45,-3737166.73,-2041888.82,-11491204.42,-10173220.08,0,0,29953.66,328059.95,-698234.03,-1709844.03,2549731.28,1329660.37,75452312.66,24544749.25,2569799.03,3021977.97,-2851242.91,-2851242.91,-52237223.78,4.166131128,1.419576115,0.066046112,35.84 %,0.6783872,1.892623631,1.258540134,4.01 %,,,,,,,,,,32.53 %,-3.78 %,3.41 %,1,-1.109519802,,,
1-Nov-18,226274191.8,-3039227.77,431967430.5,208732466.5,223234964,85814321.58,69449428.39,38576490.88,4160099.76,28443449.07,740708.39,4633870.04,19165788.61,9718001.18,0,134093318,1286302.28,75696.13,89718817.53,145252486.9,372742.13,-7300513.46,16753792.74,45638284.66,11625472.94,11832268.97,34978930.77,121845832.6,98498.64,121968231.3,309999199.3,35100713.89,173631752.6,42736590.64,64804073.27,21883644,86867517.37,309626457.1,4633870.04,157183254.5,0,-4535085.65,-68613806.56,-473500.72,-23766.7,-4634219.74,-2072521.46,-12822662.52,-12781134.76,0,0,35762.46,328114.45,-1956173.94,-4850441.73,2587623.62,1679361.67,105093223.8,33623693.26,3303636.51,3800903.93,-3039227.78,-3039227.78,-73148892.21,3.47480771,1.628575367,0.132016404,36.39 %,0.704115752,1.935034829,1.594017999,3.62 %,,,,,,,,,,31.99 %,-2.89 %,3.14 %,1,-0.91996434,,,
1-Dic-18,207569218.6,3.78489E-06,429225235.1,221656016.5,207569218.6,73482227.54,69449428.39,55661524.47,4284388.39,29810054.82,398343.68,6698990.88,24445936.43,9369945.54,0,135346502.7,1272188.75,75404.65,89718817.53,115994403.7,381442.44,-9067097.24,16772363.74,29760054.49,11625472.94,54280229.21,34978930.77,103140859.5,570056.87,130296244.9,298928990.2,77263776.09,144392240.4,59945912.86,54205990.92,21141301.26,53032468.76,298547547.8,6698990.88,170844689.8,0,-4825138.82,-90857742.47,-516306.25,-25961.95,-5021808.33,-7148566.01,-14533379.28,-18273991.24,-643206,0,42236.11,427608.43,-3637007.25,-15909852.68,3724767.68,2040967.58,136452407.3,42810493.58,-6361237.39,-5818969.19,-18061767.19,-18704973.19,-95682881.29,1.686382047,0.984811483,0.086702867,39.80 %,0.823073339,2.067865544,-0.88986202,-4.26 %,-4.21 %,-7.97 %,2.124539402,0.446190639,0.307086149,2.240580825,5.931886421,162.9041881,2.240580825,31.37 %,-13.71 %,-4.66 %,1.035611466,2.839348083,,,
1-Ene-19,207569218.6,15137002.97,442579108.3,219872886.7,222706221.6,72589041.87,69449428.39,79813442.67,5708129.61,29046116.02,86649.72,9229618.96,18604911.03,10596338.33,0,135098892.3,1196215.05,75135.59,89718817.53,115508153.6,378490.02,-9254085.45,17441038.24,20766290.45,11625472.94,54038625.8,34978930.77,103140859.5,184700.82,144793866.6,297785241.7,75298221.96,144574664.8,85521572.28,39371201.48,19878680.29,69495644.68,297406751.7,9229618.96,169731480.2,0,-265226.58,-21267378.47,-42818.6,-2195.25,660325.2,-23985.41,-1225821.44,-4601903.61,0,0,670.09,70311.14,-1183430.99,-2979191.4,51247.17,129527.3,45816873.82,24413796.07,14429681.95,14474695.8,15137002.97,15137002.97,-21532605.05,1.922938721,1.400068453,0.122574195,38.35 %,0.76213174,1.987277702,601.6024721,31.59 %,3.45 %,6.30 %,0.637641574,0.149741054,0.104329495,0.593676811,1.818861083,614.8126273,0.593676811,53.29 %,33.04 %,31.49 %,1,1.049018476,-9.70 %,-41.13 %,-40.56 %
1-Feb-19,207569218.6,8176233.79,426344746.5,210599294.1,215745452.4,74355593.9,69449428.39,52496355.12,5678032.37,23538162.61,0.5,16767305.86,18126202.92,10561049.19,0,134816503,1114956.63,74081.76,89718817.53,113919736.5,375698.79,-3830251.71,17364664.24,23375106.09,11625472.94,46629529.58,34978930.77,103140859.5,237022.78,127078133.3,299266613.2,67689420.39,142909873.7,58174387.49,41501309.01,19707911.4,59388712.92,298890914.4,16767305.86,160786288.9,0,-530453.16,-24097624.62,-87095.62,-4548.98,2335123.83,-73042.77,-2370213.52,-5796223.73,0,0,1114.9,134098.76,-1183430.99,-2979191.4,70871.96,456531.46,42300317.67,18128771.35,5778939.07,5870583.67,8176233.79,8176233.79,-24628077.78,1.877370682,1.264257011,0.247709402,37.71 %,0.745259226,1.976147083,79.1171949,13.88 %,1.98 %,3.59 %,0.733515561,0.137941476,0.102637864,0.627060246,2.29993608,582.081231,0.627060246,42.86 %,19.33 %,13.66 %,1,1.414833015,-18.30 %,-62.55 %,-72.69 %
1-Mar-19,196966739.9,5583646.84,383424685.1,180874298.4,202550386.7,75497793.41,92599237.39,19605897.5,5851446.13,15234959.74,32038.06,14455442.67,13763707.29,10663658.47,0,135613282.5,1142286.88,0,89718817.53,107655777.6,374090.25,-4475470.24,17374078.22,17880549.34,4645345.49,38949085.48,12032123.59,92335378.89,316197.14,82220701.4,301203983.7,51199097.06,129675201.3,25457343.63,31644256.63,10791527.56,31021604.34,300829893.4,14455442.67,146921060.2,2292658.99,-795679.74,-29617325.69,-131329.83,-6902.71,1819589.89,-1640573.52,-3563821.53,-6069858.82,0,6980127.45,9614.06,37588.59,-1183430.99,-2979191.4,285760.5,1101834.15,39044587.44,12026075.15,-1622699.63,-1484467.09,-1396480.61,5583646.84,-30413005.43,1.605901395,0.987838608,0.282337844,38.32 %,0.725355614,1.892984216,-0.989105097,-3.80 %,1.46 %,2.53 %,0.909967902,0.126994464,0.102170312,0.83536645,4.114690317,436.9339945,0.83536645,30.80 %,14.30 %,-4.16 %,-3.998370475,0.860590946,-2.12 %,39.37 %,-133.13 %
1-Abr-19,146855239.9,-1940204.05,316881729.6,171966693.7,144915035.8,75497793.41,69449428.29,7860148.69,5974719.24,11982842.97,8242.62,10407077.17,12878367.29,10475785.92,0,137061313.7,1142286.88,0,39607317.53,107655777.6,374090.25,-5267015.98,17424253.22,16745116.33,4645345.49,34210367.29,12032123.59,65373687.99,164593.67,64341214.64,252540514.9,42241317.45,129725376.3,13834867.93,29623483.62,6724069.61,22099897.19,252166424.7,10407077.17,142030738.5,2292658.99,-1060906.32,-30087989.07,-175311.24,-9256.44,1986963.45,-1980916.95,-5271121.03,-6207392.08,0,6980127.45,10785.49,486424.03,-1183430.99,-2979191.4,369022.6,1272208.84,39784345.09,12200317.53,-3256363.05,-3071795.37,-2753107.03,4227020.42,-31148895.39,1.523182006,0.821890346,0.246371984,44.82 %,0.980096632,2.186672541,-1.643866518,-7.72 %,1.20 %,2.28 %,0.957732043,0.140562451,0.112624607,0.826072674,5.775613385,441.8497446,0.826072674,30.67 %,10.62 %,-8.19 %,-1.535363636,0.845454572,-1.68 %,100.88 %,-194.16 %
1-May-19,146855239.9,1403411.9,340280184.6,192021532.8,148258651.8,77429379.21,69449428.29,7983476.59,5881466.26,13100514.71,18080.81,21760467.69,15409574.05,10454749.78,0,138364407.1,748625.38,0,39607317.53,127513777.9,375883.53,-6113060.37,17277829.37,23013462.9,4645345.49,34608916.91,12032123.59,65373687.99,221502.6,84503197.27,255776987.3,42584580.04,149436952.8,13864942.85,38423036.95,7005535.15,41918617.23,255401103.8,21760467.69,162344197.4,2292658.99,-1326132.9,-30647282.5,-219093.48,-11610.17,34450.18,-2090969.97,-6389957.16,-6317560.35,0,6980127.45,10794.09,423535.33,-1184540.19,-2979191.4,458045.52,1864024.59,40506113.87,12689382.05,-3954525.18,-3723821.53,-5576715.55,1403411.9,-31973415.4,1.984361409,1.082085588,0.510994066,47.71 %,1.095006568,2.295179273,-1.891239586,-9.19 %,0.38 %,0.76 %,0.713371852,0.14216088,0.110221814,0.720716958,6.365629297,506.4401441,0.720716958,31.33 %,3.46 %,-9.76 %,-0.251655636,1.410211162,-0.96 %,-280.86 %,-375.43 %
1-Jun-19,146855239.9,4665461.34,337285202.7,185764501.5,151520701.2,77843895.81,69449428.29,9787644.07,6191837.97,10610262.78,54409.21,13456813.87,16377791.82,10722537.51,0,138461666.9,654617.22,0,39607317.53,124745860.7,380020.46,-6546382.27,17681710.16,24455676.75,4645345.49,33857667.74,12032123.59,65373687.99,61010.53,80992301.99,256292900.7,38691585.21,147072916.3,15979482.04,40833468.57,4118289.72,42300716.78,255912880.3,13456813.87,158664538.9,2292658.99,-1591359.48,-33362622.63,-261826.21,-13963.9,3239773.73,-2097533.46,-7601825.03,-6726575.35,0,6980127.45,10810.68,516883.88,-1184656.54,-2979191.4,940137.59,1994841.36,44509781.66,13843299.9,-3984600.94,-3708810.83,-2314666.11,4665461.34,-34953982.11,2.093279496,1.037921636,0.347796912,47.04 %,1.047147602,2.226000804,-1.899660251,-8.33 %,1.27 %,2.50 %,0.792359107,0.155910537,0.120884532,0.745727108,5.026052223,489.4551858,0.745727108,31.10 %,10.48 %,-8.95 %,-2.015608783,0.580902867,6.14 %,-260.75 %,417.44 %
1-Jul-19,146870300.6,5655599.25,338706824,186180924.1,152525899.9,80108078.21,69449428.29,15481580.5,6789106.93,16055050.97,141387.47,5533747.74,16506090.78,11029409.94,0,137471286.8,675843.8,0,39613453.53,125125027.4,380747.55,-7619113.32,17883666.81,25793322.09,4645345.49,29168978.59,12032123.59,65388748.76,104736.92,81133257.98,257573566,38526884.43,147654039.7,22270687.43,42299412.87,8577325.12,42606373.55,257192818.5,5533747.74,154398742.9,2292658.99,-1856586.06,-41180748.52,-304216.76,-16317.63,2725848.07,-2281390.3,-9075455.57,-8175093.62,0,6980127.45,19164.25,497647.02,-1185758.26,-2979191.4,1053492.87,2092287.45,57049131.27,18396743.13,-2285797.24,-1965262.85,-1324528.2,5655599.25,-43037334.58,2.105886816,1.007967441,0.143633409,45.58 %,1.012278852,2.220651209,-1.001931691,-3.44 %,1.52 %,2.98 %,0.946788669,0.199990601,0.153227202,0.86884952,3.805820766,420.0957605,0.86884952,32.25 %,9.91 %,-4.01 %,-4.269897198,0.579460057,21.20 %,-232.03 %,-7.04 %
1-Ago-19,146870300.6,7870942.82,346466536.2,191725292.7,154741243.5,81539441.93,69449428.29,25323044.23,8104323.66,17501435.57,182368.54,1798068.66,13842916.05,10930952.21,0,137411438.4,665867.09,0,39613453.53,128878778.2,386503.64,-7450500.63,17922361.09,27516393.83,4645345.49,29260277.23,12032123.59,65388748.76,119360.11,87515698.64,258950837.5,40278807.91,151446484.8,33427367.89,41359309.88,10233303.48,47236890.73,258564333.9,1798068.66,158258415.6,2292658.99,-2106493.6,-46867337.31,-345937.95,-18736.28,-1770743.32,-2435783.13,-10340489.86,-10046648.13,0,6980127.45,19178.37,527899.04,-1293181.75,-3208977.16,1101552.92,2161004.61,73222849.93,28702682.62,4550264.41,4914938.64,890815.37,7870942.82,-48973830.91,2.172747983,1.145922413,0.044640563,45.68 %,1.022729377,2.239005765,1.868090945,6.71 %,2.05 %,4.12 %,1.104593518,0.2561434,0.190919548,0.94200265,2.301494014,387.4723708,0.94200265,39.20 %,10.75 %,6.21 %,8.835661221,0.195772221,18.15 %,720.96 %,18.62 %
1-Set-19,146870300.6,7397441.07,348955218.5,194687476.8,154267741.7,81655538.96,69449428.29,22470715.5,8799594.94,16487989.89,175707.9,1697512.59,13709987.73,10769275.91,0,137063310.6,649650.36,0,39613453.53,128727111.5,386018.91,-3195820.79,17919584.03,32789809.84,4645345.49,29225843.24,12032123.59,65388748.76,52065.12,90236896.51,258718322,43395435.72,151292041,31270310.44,46499797.57,13467877,46841460.79,258332303.1,1697512.59,158005019.9,2292658.99,-2369805.3,-48758200.81,-388150.67,-21495.22,-1775709.16,-2447471.74,-11389591.11,-10473730.41,0,6980127.45,19197.35,543332.17,-1774539.01,-3208977.16,1798217.47,2231253.38,76140324.85,29536231.11,4077965,4487610.89,417313.62,7397441.07,-51128006.11,2.079409851,1.007873252,0.039117307,45.28 %,1.024225921,2.262010286,1.666194928,5.89 %,1.92 %,3.92 %,1.169166914,0.266660163,0.197303089,0.860360291,1.595832319,424.2408718,0.860360291,38.79 %,9.72 %,5.36 %,17.7263351,0.102333791,4.73 %,408.06 %,-9.86 %
1-Oct-19,146870300.6,8698450.95,356810799.8,201242048.2,155568751.6,81914933.52,69449428.29,14308589.05,8230626.61,17939914.17,210607.03,12245488.04,14232167.16,10575854.78,0,136367915.9,602815.55,0,39613453.53,126982944.5,969806.21,-2277865.92,17675824.66,38351964.97,4645345.49,35451924.44,12032123.59,65388748.76,10538.27,97944690.61,258866109.2,51937933.54,149304114.6,22539215.66,52584132.13,15872655.28,46006757.07,257896302.9,12245488.04,162445407.2,2292658.99,-2633117,-51170244.37,-431897.56,-24050.87,308410.72,-2466722.55,-12625833.73,-11178955.98,0,6980127.45,27140.1,581364.65,-1774539.01,-3208977.16,1835159.95,2393193.75,79794733.57,30677224.94,3268130.58,3724079.01,1718323.5,8698450.95,-53803361.37,1.88580261,0.873360863,0.235771568,45.53 %,1.044203322,2.293589144,1.324887787,4.67 %,2.21 %,4.59 %,1.20105617,0.281203642,0.202324888,0.916674059,2.202727546,398.1786071,0.916674059,38.45 %,10.90 %,4.10 %,5.062173072,0.525781776,5.76 %,-405.08 %,23.23 %
1-Nov-19,146870300.6,10814328.55,364428434.7,206743805.5,157684629.2,82202382.9,69449428.29,26762467.31,7359752.24,22986807.94,197000.66,9523042.16,15997201.36,10469982.93,0,135973791.5,649859.19,0,39613453.53,128878778.2,1013587.29,-3855513.14,17380287.93,35512773.49,4645345.49,35861239.2,12032123.59,65388748.76,0,105625219.5,258803215.2,55839393.85,150904411.6,34122219.55,51509974.85,19328295.46,49785825.64,257789627.9,9523042.16,164740017.4,2292658.99,-2896428.7,-62162143.7,-475219.92,-26606.52,-1858075.94,-2570412.7,-13779098.54,-13012005.24,0,6980127.45,40253.63,543320.94,-1922284.69,-3208977.16,2315097.8,2760502.27,97793620.58,37788209.44,7679115.17,8180941.61,3834201.1,10814328.55,-65058572.4,1.89158965,0.969123067,0.170543437,45.21 %,1.044743665,2.311122121,2.987502812,8.37 %,2.73 %,5.92 %,1.902261094,0.351562415,0.246439031,1.230818296,3.081946023,296.550678,1.230818296,38.64 %,11.06 %,7.85 %,2.820490701,0.499302461,-6.95 %,-455.82 %,115.24 %
1-Dic-19,147723020.7,3.9041E-06,370350940,222627919.2,147723020.7,78106541.77,69449428.29,25087452.87,752772.6,30582258.69,223892.62,3559731.63,35917179.62,10164258.34,12172546.5,136247168.5,561217.76,0,46359453.53,108764115.3,1023079.79,3877947.57,17272768.16,20960754.77,4645345.49,56700373.71,12032123.59,66241468.82,0,108614696.3,261736243.6,91945690.35,130682228.9,25840225.47,56877934.39,34684098.88,16669005.98,260713163.8,3559731.63,165464489,2292658.99,-3084359.8,-71176982.21,-518651.94,-29252.91,1343511,-7283591.68,-15224428.84,-14724757.33,-105904,6980127.45,40294.54,616328.68,-3458577.7,-6848227.58,3835827.48,2897194.48,105301511.4,36230022.89,-738045.93,-190141.08,-6021503.39,852720.06,-74261342.01,1.181291868,0.562688275,0.03871559,44.68 %,1.12009955,2.507063139,-0.101329943,-0.18 %,0.21 %,0.46 %,2.444192848,0.37734368,0.259066599,1.543106675,3.363761022,236.5358182,1.543106675,34.41 %,0.81 %,-0.70 %,-0.141612485,8.158710922,-22.83 %,-104.56 %,-96.73 %
1-Ene-20,147723020.7,6616322.38,398126771.3,243787428.2,154339343.1,71585643.08,69449428.29,65260559.18,692921.6,36297997.29,230599.96,12662891.92,26784301.51,18814392.51,6831927.76,135928650.2,615677.96,0,46359453.53,110108501.4,1026828.13,3727413.84,25720669.8,12179201.82,4645345.49,62441222.46,12032123.59,66241468.82,0,143226196.3,254900575,103312911.5,140474516.7,65953480.78,38963503.33,40256011.09,39913284.79,253873746.8,12662891.92,172549723.8,0,-174136.19,-28237297.34,-43465.87,-2731.45,-1448294.91,-18534.28,-1396715.68,-3995062.57,0,0,11.56,-47523.23,-1164728.28,-6151401.24,302850.38,17348.98,48976002.5,20581917.95,8130663.24,8176860.56,6616322.38,6616322.38,-28411433.53,1.386333946,1.00919325,0.122568339,43.34 %,1.117989233,2.579554657,438.6824436,16.70 %,1.60 %,3.58 %,0.986405181,0.177203812,0.118805808,0.706182807,0.86297316,516.8633338,0.706182807,42.02 %,13.51 %,16.60 %,1,0.813749406,6.90 %,-56.29 %,-43.51 %
1-Feb-20,147723020.7,7439003.73,393351852,238189827.6,155162024.4,73425410.15,69449428.29,72444283.39,692921.6,31235954.63,292819.57,12007368.21,9494943.16,19491301.92,6831927.76,136023590.3,632700.13,0,46359453.53,113157962.5,1033778.18,5664851.88,26011734.98,15546873.83,4645345.49,56409604.59,12032123.59,66241468.82,138853.79,136509619.9,256842232.2,94374784.59,143815043,73137204.99,25041816.99,37193626.08,42134835.28,255808454,12007368.21,169706420.9,0,-348272.38,-46222408.87,-88244.11,-5462.9,-4548175.17,-397544.93,-2469614.67,-8601773.08,0,0,56.63,-47523.23,-1170248.19,-6151401.24,336407.04,17348.98,77135859.86,30582527.59,12432190.44,12525897.45,7439003.74,7439003.74,-46570681.25,1.44646285,1.181118488,0.127230682,43.14 %,1.093736831,2.535103892,31.27241603,16.24 %,1.92 %,4.16 %,2.10879207,0.277148925,0.19860502,1.643108378,1.665858649,222.1399421,1.643108378,39.65 %,9.64 %,16.12 %,1,0.598366296,82.35 %,-9.02 %,113.37 %
1-Mar-20,147371949.2,8024757.13,354292568.7,198895862.5,155396706.3,74508463.23,69449428.29,22995985.4,1000522.68,18901187.1,237242.46,16474042.97,10931914.42,454702.28,7566325.22,147520275,676580.71,0,46359453.53,112764483.7,763897.74,221528.78,25955024.97,25716986.31,1391475.46,38748339.3,12183375.59,65739145.27,0,85140479.28,269152089.5,58784878.35,140110984.1,23996508.08,36648900.73,19359958.34,26355600.93,268388191.7,16474042.97,151512823,5714263.03,-522408.57,-46522415.32,-132621.84,-8194.35,-4318755.33,-2702379.3,-4371842.89,-9301695.13,0,3253870.01,84.99,-93603.87,-1170248.19,-6151401.24,770338.13,302726.15,73279040.85,32251206.14,11885540.63,12026356.82,4770887.12,8024757.13,-47044823.89,1.448339806,0.82489885,0.280242869,42.76 %,0.975006656,2.279923283,4.398176314,16.41 %,2.39 %,5.34 %,3.024591375,0.28154218,0.218360688,1.419741401,4.145850564,257.0890726,1.419741401,44.01 %,10.95 %,16.22 %,1.682026199,0.401402618,87.68 %,43.72 %,-910.15 %
1-Abr-20,147371949.2,4235917.69,360382794.2,208774927.4,151607866.8,74497565.31,69449428.29,11247490.05,1184224.2,19243543.84,1997.73,23151144.95,11855697.95,1264436.9,7566325.22,156859689.9,676580.71,0,46359453.53,112764483.7,764522.47,7505759.42,25825658.4,25632243.72,1391475.46,41365428.16,12183375.59,65739145.27,0,81901562.99,278481231.2,68793309.86,139981617.5,12431714.25,37487941.67,26751300.99,13108253.13,277716708.8,23151144.95,154129911.8,5714263.03,-696544.76,-46691095.82,-181356.99,-20272.24,-1591381.57,-3003104.66,-5663162.76,-9982346.43,0,3253870.01,111.05,-93603.87,-1174846.64,-6157700.71,1196469.45,962426.3,74588253.83,33877302.58,11894086.26,12095715.49,7206107.21,10459977.22,-47387640.58,1.190545464,0.645609601,0.336531924,42.77 %,1.016635317,2.377071861,3.960596651,16.22 %,2.99 %,6.98 %,2.710975687,0.279819027,0.212907649,1.24850559,2.752185964,292.349512,1.24850559,45.42 %,14.02 %,15.95 %,1.451543381,0.60585631,87.48 %,147.46 %,-493.77 %
1-May-20,147371949.2,4680523.24,374522985.1,222470512.7,152052472.4,76863961.13,69449428.29,4885111.97,1037259.27,17117451.2,17441.18,32081811.72,13770539.77,733222.06,9353943.95,157361057.7,130586.02,0,46359453.53,122600534.2,764522.47,7223044.18,25967071.38,31312101.58,1391475.46,48022909.16,12183375.59,65739145.27,0,93173990.32,281348994.8,72511431.74,149959081,5922371.24,45082641.35,24357936.56,20662558.58,280584472.3,32081811.72,170623443.3,5714263.03,-870680.95,-47304455.74,-230671.2,-32350.13,-4293177.92,-3593353.68,-7091537.83,-10094367.4,0,3253870.01,1731.66,451407.13,-1175716.33,-6157700.71,1210066.95,1618399.9,73274796.45,32432322.69,8860046.04,9123067.37,1426653.23,4680523.24,-48175136.69,1.284955876,0.663224375,0.442437985,45.56 %,1.122135278,2.463116707,2.465676031,12.45 %,1.32 %,3.08 %,2.327540809,0.273159955,0.205883545,1.121445948,3.681970283,325.4726637,1.121445948,44.26 %,6.39 %,12.09 %,3.280771488,0.161020973,80.90 %,233.51 %,-344.99 %
1-Jun-20,147371949.2,-1004882.95,375373519.4,229006453.2,146367066.2,77186390.66,69449428.29,6611876.59,870715.68,15837301.59,119174.16,25581428.81,16372096.78,871871.66,10256998.76,158203609.3,152867.62,0,46359453.53,125486045.8,764522.47,7908580,26039859.96,32294555.24,1391475.46,52071148.66,12183375.59,65739145.27,0,92859543.52,282513975.9,76089072.03,152917381.2,7482592.27,48666652.02,23865055.75,16770471.49,281749453.5,25581428.81,177557194.5,5714263.03,-1044817.14,-49855032.3,-275905.46,-34006.33,-8180406.18,-3782834.12,-8511689.99,-10498651.67,0,3253870.01,6382.36,432471.94,-1251308.16,-6157700.71,1124976.2,2342151.34,75713354.23,32869919.16,7265633.04,7575544.83,-4258752.96,-1004882.95,-50899849.44,1.220405783,0.580804711,0.336203717,47.30 %,1.213095262,2.564603699,1.920685076,10.01 %,-0.28 %,-0.67 %,2.550265316,0.280970182,0.212058363,1.119095335,3.53038754,326.1563055,1.119095335,43.41 %,-1.33 %,9.60 %,0.235957089,-0.586150296,70.10 %,-121.54 %,-304.26 %
1-Jul-20,147371949.2,-816482.01,387407942.4,240852475.2,146555467.1,79013083.85,69449428.29,13870726.53,2023163.98,23260239.76,513913.99,19353461.58,17721026.97,765632.14,11652722.38,160810790.3,152346.78,0,46359453.53,137728566.9,554522.39,7722799.22,26063019.45,35283358.76,1391475.46,44020113.65,12183375.59,65739145.27,0,100670092.3,286737850,75669413.4,165183061.8,15893890.51,53004385.73,31496952.97,25000678.94,286183327.7,19353461.58,181748680.6,5714263.03,-1218284.37,-57081296.25,-322234.22,-35535.8,-7852988.37,-4003873.33,-9813939.66,-11830205.64,0,3253870.01,6414.95,432471.94,-1282685.88,-6225934.17,1993745.43,2555255.02,84894475.3,34864412.73,7347622.79,7705392.81,-4070352.02,-816482.01,-58299580.62,1.330393455,0.629920393,0.255763336,46.91 %,1.240135794,2.643421975,1.835128683,9.08 %,-0.22 %,-0.54 %,2.350424459,0.31168367,0.231359661,1.235635808,3.352227492,295.3944825,1.235635808,41.07 %,-0.96 %,8.66 %,0.200592481,-0.55396856,48.81 %,-114.44 %,-492.08 %
